alduin	used by	Alduin	4
thuri	used by	Alduin	2
alok	used by	Alduin	2
tiid	used by	Alduin	3
boaan	used by	Alduin	2
hin	used by	Alduin	6
sil	used by	Alduin	2
fen	used by	Alduin	6
nahkip	used by	Alduin	4
bahloki	used by	Alduin	3
nust	used by	Alduin	1
wo	used by	Alduin	1
ni	used by	Alduin	3
qiilaan	used by	Alduin	1
kos	used by	Alduin	3
duaan	used by	Alduin	1
sahloknir	used by	Alduin	3
ziil	used by	Alduin	1
gro	used by	Alduin	1
dovah	used by	Alduin	2
ulse	used by	Alduin	1
slen	used by	Alduin	1
vo	used by	Alduin	1
vokriiha	used by	Alduin	1
suleyksejun	used by	Alduin	1
kruziik	used by	Alduin	1
geh	used by	Alduin	1
kaali	used by	Alduin	1
mir	used by	Alduin	1
ful	used by	Alduin	1
losei	used by	Alduin	1
dovahkiin	used by	Alduin	6
zu'u	used by	Alduin	9
koraav	used by	Alduin	1
nid	used by	Alduin	1
nol	used by	Alduin	1
dov	used by	Alduin	1
do	used by	Alduin	5
hi	used by	Alduin	2
krii	used by	Alduin	1
daar	used by	Alduin	2
joorre	used by	Alduin	3
meyye	used by	Alduin	1
tahrodiis	used by	Alduin	2
aanne	used by	Alduin	1
hinde	used by	Alduin	1
pah	used by	Alduin	1
liiv	used by	Alduin	1
daan	used by	Alduin	1
nivahriin	used by	Alduin	1
paarthurnax	used by	Alduin	3
dir	used by	Alduin	2
ko	used by	Alduin	3
maar	used by	Alduin	2
will	used by	Alduin	2
sovngarde	used by	Alduin	3
faal	used by	Alduin	1
kel	used by	Alduin	2
nikriinne	used by	Alduin	1
sillesejoor	used by	Alduin	2
suleyki	used by	Alduin	2
mulaag	used by	Alduin	1
aav	used by	Alduin	1
uv	used by	Alduin	1
unslaad	used by	Alduin	2
hokoron	used by	Alduin	1
saraan	used by	Alduin	1
meyz	used by	Alduin	1
mul	used by	Alduin	2
al	used by	Alduin	1
du	used by	Alduin	1
akatosh	used by	Alduin	1
mulaagi	used by	Alduin	1
zok	used by	Alduin	2
ven	used by	Alduin	1
riik	used by	Alduin	1
pruzah	used by	Alduin	1
ol	used by	Alduin	1
aar	used by	Alduin	1
kah	used by	Alduin	2
bonaar	used by	Alduin	2
daal	used by	Alduin	1
beyn	used by	Alduin	1
drey	used by	Alduin	1
viik	used by	Alduin	1
di	used by	Alduin	1
kiirre	used by	Alduin	1
lein	used by	Alduin	2
los	used by	Alduin	1
dii	used by	Alduin	2
pahlok	used by	Alduin	1
sahrot	used by	Alduin	1
naan	used by	Alduin	1
kriaan	used by	Alduin	1
ont	used by	Alduin	1
nu	used by	Alduin	2
sille	used by	Alduin	1
should	used by	Alduin	1
faas	used by	Alduin	1
gaaffesejul	used by	Alduin	1
nis	used by	Alduin	1
oblaan	used by	Alduin	1
drem	used by	Paarthurnax	5
yol	used by	Paarthurnax	5
lok	used by	Paarthurnax	3
su'um	used by	Paarthurnax	5
ahrk	used by	Paarthurnax	4
morah	used by	Paarthurnax	4
thu'um	used by	Paarthurnax	12
wunduniik	used by	Paarthurnax	2
paarthurnax	used by	Paarthurnax	1
strunmah	used by	Paarthurnax	1
dovah	used by	Paarthurnax	9
akatosh	used by	Paarthurnax	5
dovahkiin	used by	Paarthurnax	12
wuth	used by	Paarthurnax	2
onik	used by	Paarthurnax	1
vahzah	used by	Paarthurnax	1
tinvaak	used by	Paarthurnax	4
evenaar	used by	Paarthurnax	1
bahlok	used by	Paarthurnax	1
dreh	used by	Paarthurnax	1
ni	used by	Paarthurnax	7
nahkip	used by	Paarthurnax	1
qahnaar	used by	Paarthurnax	1
volaan	used by	Paarthurnax	1
dov	used by	Paarthurnax	11
yol	used by	Paarthurnax	1
toor	used by	Paarthurnax	1
shul	used by	Paarthurnax	1
not	used by	Paarthurnax	42
faasnu	used by	Paarthurnax	1
nin	used by	Paarthurnax	1
aaah	used by	Paarthurnax	1
sossedov	used by	Paarthurnax	1
los	used by	Paarthurnax	7
mul	used by	Paarthurnax	2
joor	used by	Paarthurnax	1
sos	used by	Paarthurnax	1
prodah	used by	Paarthurnax	1
alduin	used by	Paarthurnax	25
komeyt	used by	Paarthurnax	1
tiid	used by	Paarthurnax	7
krosis	used by	Paarthurnax	6
bahlaan	used by	Paarthurnax	1
fahdonne	used by	Paarthurnax	1
joorre	used by	Paarthurnax	2
dov	used by	Paarthurnax	1
hadrimme	used by	Paarthurnax	1
nid	used by	Paarthurnax	1
alduin	used by	Paarthurnax	2
zeymah	used by	Paarthurnax	1
qostiid	used by	Paarthurnax	2
sahlo	used by	Paarthurnax	1
aak	used by	Paarthurnax	1
dez	used by	Paarthurnax	1
dahmaan	used by	Paarthurnax	1
dez	used by	Paarthurnax	1
motmahus	used by	Paarthurnax	1
rok	used by	Paarthurnax	2
mey	used by	Paarthurnax	1
rinik	used by	Paarthurnax	1
gut	used by	Paarthurnax	1
nol	used by	Paarthurnax	1
far	used by	Paarthurnax	4
pruzah	used by	Paarthurnax	1
kalpa	used by	Paarthurnax	1
lein	used by	Paarthurnax	3
vokiin	used by	Paarthurnax	1
grah	used by	Paarthurnax	1
paaz	used by	Paarthurnax	1
ro	used by	Paarthurnax	1
fus	used by	Paarthurnax	1
wuldsetiid	used by	Paarthurnax	1
tahrodiis	used by	Paarthurnax	1
monahven	used by	Paarthurnax	1
vahrukt	used by	Paarthurnax	1
unslaad	used by	Paarthurnax	4
skyrim	used by	Paarthurnax	2
zok	used by	Paarthurnax	1
revak	used by	Paarthurnax	1
strunmah	used by	Paarthurnax	1
viik	used by	Paarthurnax	1
nuz	used by	Paarthurnax	1
kron	used by	Paarthurnax	1
mulaag	used by	Paarthurnax	1
kel	used by	Paarthurnax	3
rah	used by	Paarthurnax	1
wahlaan	used by	Paarthurnax	4
kelle	used by	Paarthurnax	1
zofaas	used by	Paarthurnax	1
suleyk	used by	Paarthurnax	3
krent	used by	Paarthurnax	1
ahraan	used by	Paarthurnax	3
meyye	used by	Paarthurnax	1
bo	used by	Paarthurnax	1
amativ	used by	Paarthurnax	1
kelle	used by	Paarthurnax	1
vomindok	used by	Paarthurnax	2
fadonne	used by	Paarthurnax	1
friends	used by	Paarthurnax	1
hakon	used by	Paarthurnax	1
gormlaith	used by	Paarthurnax	1
felldir	used by	Paarthurnax	1
sahrot	used by	Paarthurnax	2
hunne	used by	Paarthurnax	1
nust	used by	Paarthurnax	1
hon	used by	Paarthurnax	1
thur	used by	Paarthurnax	1
ov	used by	Paarthurnax	3
kogaan	used by	Paarthurnax	2
vonmindoraan	used by	Paarthurnax	1
kreh	used by	Paarthurnax	1
qalos	used by	Paarthurnax	1
funt	used by	Paarthurnax	1
hokoron	used by	Paarthurnax	1
vosaraan	used by	Paarthurnax	1
onikaan	used by	Paarthurnax	2
fah	used by	Paarthurnax	1
rel	used by	Paarthurnax	1
zin	used by	Paarthurnax	1
krif	used by	Paarthurnax	1
horvut	used by	Paarthurnax	1
se	used by	Paarthurnax	1
dilon	used by	Paarthurnax	1
zeymahi	used by	Paarthurnax	1
ont	used by	Paarthurnax	1
du'ul	used by	Paarthurnax	1
bormahu	used by	Paarthurnax	2
daanii	used by	Paarthurnax	2
pahlok	used by	Paarthurnax	1
zu'u	used by	Paarthurnax	1
tiiraaz	used by	Paarthurnax	1
ahst	used by	Paarthurnax	1
mah	used by	Paarthurnax	1
funta	used by	Paarthurnax	1
koraav	used by	Paarthurnax	2
grik	used by	Paarthurnax	2
ful	used by	Paarthurnax	1
nii	used by	Paarthurnax	1
niid	used by	Paarthurnax	1
zeim	used by	Paarthurnax	1
dinoksetiid	used by	Paarthurnax	1
vennesetiid	used by	Paarthurnax	1
mid	used by	Paarthurnax	1
fahdon	used by	Paarthurnax	1
krongrah	used by	Paarthurnax	1
goraan	used by	Paarthurnax	1
dovahhe	used by	Paarthurnax	1
keizaal	used by	Paarthurnax	1
vahzen	used by	Paarthurnax	1
fus	used by	Paarthurnax	1
zii	used by	Paarthurnax	1
feim	used by	Paarthurnax	1
toor	used by	Odahviing	1
shul	used by	Odahviing	1
nid	used by	Odahviing	1
horvutah	used by	Odahviing	1
med	used by	Odahviing	1
kodaav	used by	Odahviing	1
caught	used by	Odahviing	1
zok	used by	Odahviing	2
frini	used by	Odahviing	1
grind	used by	Odahviing	1
ko	used by	Odahviing	1
grah	used by	Odahviing	1
drun	used by	Odahviing	1
viiki	used by	Odahviing	1
dovahkiin	used by	Odahviing	5
dovah	used by	Odahviing	3
grahmindol	used by	Odahviing	2
zu'u	used by	Odahviing	7
bonaar	used by	Odahviing	1
hind	used by	Odahviing	1
siiv	used by	Odahviing	1
alduin	used by	Odahviing	14
rinik	used by	Odahviing	1
vazah	used by	Odahviing	1
bovul	used by	Odahviing	1
thu'um	used by	Odahviing	6
mu	used by	Odahviing	2
ni	used by	Odahviing	6
meyye	used by	Odahviing	1
unslaad	used by	Odahviing	1
krosis	used by	Odahviing	3
sovngarde	used by	Odahviing	2
sillesejoor	used by	Odahviing	1
skuldafn	used by	Odahviing	7
mindoraan	used by	Odahviing	1
pah	used by	Odahviing	1
ok	used by	Odahviing	1
middovahhe	used by	Odahviing	1
lahvraan	used by	Odahviing	1
ofan	used by	Odahviing	1
hin	used by	Odahviing	2
laan	used by	Odahviing	2
aam	used by	Odahviing	1
tiid	used by	Odahviing	1
orin	used by	Odahviing	2
brit	used by	Odahviing	2
ro	used by	Odahviing	2
ahraan	used by	Odahviing	1
bo	used by	Odahviing	2
nol	used by	Odahviing	1
het	used by	Odahviing	1
onikaan	used by	Odahviing	2
koraav	used by	Odahviing	2
gein	used by	Odahviing	3
miraad	used by	Odahviing	2
tahrodiis	used by	Odahviing	3
vobalaan	used by	Odahviing	1
aar	used by	Odahviing	1
nu	used by	Odahviing	2
faas	used by	Odahviing	1
zini	used by	Odahviing	2
dein	used by	Odahviing	1
ruthi	used by	Odahviing	1
ahst	used by	Odahviing	1
vaal	used by	Odahviing	1
saraan	used by	Odahviing	1
uth	used by	Odahviing	2
keizaal	used by	Odahviing	1
dov	used by	Odahviing	1
amativ	used by	Odahviing	1
kotin	used by	Odahviing	1
stinselok	used by	Odahviing	1
kreh	used by	Odahviing	1
nau	used by	Odahviing	1
gol	used by	Odahviing	1
krif	used by	Odahviing	1
voth	used by	Odahviing	1
ahkrin	used by	Odahviing	1
pruzah	used by	Odahviing	1
wundunne	used by	Odahviing	1
wah	used by	Odahviing	1
wuth	used by	Odahviing	1
paarthurnax	used by	Odahviing	1
thuri	used by	Odahviing	2